<?xml version="1.0" encoding="UTF-8"?>
<project-private xmlns="http://www.netbeans.org/ns/project-private/1">
    <editor-bookmarks xmlns="http://www.netbeans.org/ns/editor-bookmarks/2" lastBookmarkId="0"/>
    <open-files xmlns="http://www.netbeans.org/ns/projectui-open-files/2">
        <group>
            <file>file:/C:/Users/udesc.CCTCC/Documents/NetBeansProjects/PRA/src/br/edu/udesc/exceptions/InputException.java</file>
            <file>file:/C:/Users/udesc.CCTCC/Documents/NetBeansProjects/PRA/src/br/edu/udesc/exceptions/NegativeValueEnteredException.java</file>
            <file>file:/C:/Users/udesc.CCTCC/Documents/NetBeansProjects/PRA/src/pra/Tela.java</file>
            <file>file:/C:/Users/udesc.CCTCC/Documents/NetBeansProjects/PRA/src/br/edu/udesc/business/SuperFatorial.java</file>
            <file>file:/C:/Users/udesc.CCTCC/Documents/NetBeansProjects/PRA/src/pra/PRA.java</file>
            <file>file:/C:/Users/udesc.CCTCC/Documents/NetBeansProjects/PRA/src/br/edu/udesc/business/ISuperFatorial.java</file>
        </group>
    </open-files>
</project-private>
